{"accuracy": [0.11926020681858063], "loss": [3.37208890914917]}